document_id,ticker,report_date,entry_date,entry_close,ret_overnight,ret_1d,ret_3d,ret_5d,ret_10d,excess_overnight,excess_1d,excess_3d,excess_5d,excess_10d,run_id,excess_spy_aligned
ABNB_FQ1_2026,ABNB,2026-05-07,2026-05-07,140.46,-0.016624,0.007333,-0.035455,-0.048341,-0.044212,-0.021203,-0.000923,-0.044477,-0.071018,-0.059439,20260811_201225,1
ABNB_FQ2_2025,ABNB,2025-08-06,2025-08-06,130.5,-0.077548,-0.08023,-0.093487,-0.045594,-0.042452,-0.083016,-0.079392,-0.098449,-0.064732,-0.050875,20260811_201225,1
ABNB_FQ3_2025,ABNB,2025-11-06,2025-11-06,120.53,0.041193,0.002904,0.016593,0.005476,-0.074587,0.044774,0.001919,-0.002338,0.002895,-0.048062,20260811_201225,1
ABNB_FQ4_2025,ABNB,2026-02-12,2026-02-12,115.96,0.090592,0.046482,0.071663,0.10288,0.165143,0.089975,0.045777,0.064294,0.090903,0.158215,20260811_201225,1
AMZN_FQ1_2026,AMZN,2026-04-29,2026-04-29,263.04,0.038511,0.007679,0.034253,0.04543,0.026954,0.034225,-0.00227,0.025217,0.014162,-0.016231,20260811_201225,1
AMZN_FQ3_2025,AMZN,2025-10-30,2025-10-30,222.86,0.122229,0.095845,0.118729,0.09055,0.06605,0.114566,0.092565,0.125481,0.104554,0.077509,20260811_201225,1
AMZN_FQ4_2025,AMZN,2026-02-05,2026-02-05,222.69,-0.089766,-0.055548,-0.070636,-0.103687,-0.056491,-0.095433,-0.074733,-0.092035,-0.109073,-0.07392,20260811_201225,1
AMD_FQ1_2026,AMD,2026-05-05,2026-05-05,355.26,0.152649,0.186145,0.281287,0.261865,0.165484,0.146583,0.172246,0.262151,0.241955,0.151723,20260811_201225,1
AMD_FQ2_2025,AMD,2025-08-05,2025-08-05,174.31,-0.053124,-0.064196,-0.008892,0.003672,-0.044518,-0.054844,-0.071856,-0.023559,-0.019769,-0.063373,20260811_201225,1
AMD_FQ4_2025,AMD,2026-02-03,2026-02-03,242.11,-0.111974,-0.173144,-0.139069,-0.11788,-0.173434,-0.113163,-0.168301,-0.14065,-0.121636,-0.168735,20260811_201225,1
AAPL_FQ1_2026,AAPL,2026-01-29,2026-01-29,258.28,-0.012041,0.004646,0.043364,0.068259,0.013358,-0.008799,0.007629,0.049862,0.091918,0.031757,20260811_201225,1
AAPL_FQ3_2025,AAPL,2025-07-31,2025-07-31,207.57,0.015898,-0.025004,-0.022402,0.060028,0.121453,0.025043,-0.008613,-0.0159,0.059759,0.101092,20260811_201225,1
AAPL_FQ4_2025,AAPL,2025-10-30,2025-10-30,271.4,0.020597,-0.003795,-0.005011,-0.006006,0.005711,0.012933,-0.007075,0.001741,0.007998,0.01717,20260811_201225,1
CVS_FQ1_2026,CVS,2026-05-06,2026-05-06,86.86,0.001612,0.005756,0.061709,0.129519,0.073912,-5.1e-05,0.008822,0.054255,0.117963,0.063801,20260811_201225,1
CVS_FQ2_2025,CVS,2025-07-31,2025-07-31,62.1,0.003543,0.005958,0.021256,0.023833,0.074557,0.012687,0.022349,0.027758,0.023564,0.054196,20260811_201225,1
CVS_FQ3_2025,CVS,2025-10-29,2025-10-29,80.6,-0.056079,-0.048511,-0.026799,-0.025434,-0.004218,-0.051002,-0.037513,-0.020907,-0.011163,0.001615,20260811_201225,1
CVS_FQ4_2025,CVS,2026-02-10,2026-02-10,75.7,0.0,0.017437,0.036724,0.027081,0.006473,-0.006169,0.017668,0.051707,0.035504,0.004985,20260811_201225,1
SCHW_FQ1_2025,SCHW,2025-04-16,2025-04-16,75.7,0.026024,0.005945,0.011625,0.048613,0.07675,0.022257,0.004518,0.0086,0.008606,0.014334,20260811_201225,1
SCHW_FQ1_2026,SCHW,2026-04-15,2026-04-15,100.27,-0.044979,-0.076294,-0.071008,-0.085369,-0.090855,-0.046579,-0.078751,-0.083552,-0.101471,-0.107485,20260811_201225,1
SCHW_FQ2_2025,SCHW,2025-07-17,2025-07-17,93.1,0.027927,0.029001,0.024597,0.03652,0.049732,0.025921,0.029733,0.023292,0.026361,0.043299,20260811_201225,1
SCHW_FQ3_2025,SCHW,2025-10-15,2025-10-15,94.33,0.004664,-0.009753,0.006573,-0.000212,0.002968,0.002184,-0.002943,-0.002643,-0.004166,-0.030437,20260811_201225,1
SCHW_FQ4_2025,SCHW,2026-01-20,2026-01-20,100.99,0.003367,0.007922,0.011783,0.027032,0.027131,0.000312,-0.003619,-0.00541,0.0006,0.009495,20260811_201225,1
C_FQ1_2025,C,2025-04-15,2025-04-15,64.33,-0.019742,-0.034665,-0.025494,0.030623,0.062957,-0.008712,-0.012437,0.018646,0.034697,0.031465,20260811_201225,1
C_FQ2_2025,C,2025-07-15,2025-07-15,90.72,0.008377,-0.007716,0.030093,0.036155,0.041446,0.005806,-0.011059,0.021349,0.025354,0.020358,20260811_201225,1
C_FQ3_2025,C,2025-10-14,2025-10-14,99.84,0.013522,-0.000601,-0.027744,-0.015925,0.015525,0.006591,-0.00504,-0.031006,-0.029606,-0.02197,20260811_201225,1
C_FQ4_2025,C,2026-01-14,2026-01-14,112.41,0.01281,0.044925,0.003469,0.028912,0.02482,0.006712,0.042202,0.021981,0.030911,0.019489,20260811_201225,1
KO_FQ1_2026,KO,2026-04-28,2026-04-28,78.35,0.000255,0.006637,0.002936,0.001659,0.021442,0.001225,0.006791,-0.009654,-0.015314,-0.015779,20260811_201225,1
KO_FQ2_2025,KO,2025-07-22,2025-07-22,69.66,0.0,-0.007178,-0.007034,-0.00402,-0.008757,-0.004278,-0.015685,-0.020137,-0.014197,-0.007342,20260811_201225,1
KO_FQ4_2025,KO,2026-02-10,2026-02-10,76.81,0.000911,0.023304,0.024346,0.034891,0.04765,-0.005258,0.023535,0.039329,0.043315,0.046162,20260811_201225,1
COIN_FQ1_2026,COIN,2026-05-07,2026-05-07,192.96,-0.035811,0.042496,0.076078,0.098725,0.003109,-0.04039,0.03424,0.067056,0.076048,-0.012118,20260811_201225,1
COIN_FQ3_2025,COIN,2025-10-30,2025-10-30,328.51,0.0228,0.046483,-0.064503,-0.101336,-0.138108,0.015136,0.043202,-0.057752,-0.087333,-0.12665,20260811_201225,1
COIN_FQ4_2025,COIN,2026-02-12,2026-02-12,141.09,0.089376,0.164647,0.162733,0.214473,0.246368,0.088759,0.163942,0.155365,0.202496,0.239439,20260811_201225,1
LLY_FQ1_2026,LLY,2026-04-29,2026-04-29,851.21,0.055885,0.097966,0.137122,0.159585,0.193301,0.051599,0.088017,0.128086,0.128316,0.150116,20260811_201225,1
LLY_FQ3_2025,LLY,2025-10-29,2025-10-29,813.53,0.029464,0.038069,0.102025,0.138016,0.251066,0.034541,0.049067,0.107916,0.152287,0.2569,20260811_201225,1
LLY_FQ4_2025,LLY,2026-02-03,2026-02-03,1003.46,0.071413,0.103303,0.054531,0.021466,0.017041,0.070224,0.108146,0.052951,0.01771,0.02174,20260811_201225,1
GS_FQ1_2025,GS,2025-04-11,2025-04-11,494.44,0.03147,0.019295,0.009324,0.013996,0.105089,0.012535,0.009593,0.024831,0.051565,0.073418,20260811_201225,1
GS_FQ1_2026,GS,2026-04-10,2026-04-10,907.8,-0.035525,-0.018738,-0.009154,0.019993,0.021051,-0.032508,-0.02851,-0.039296,-0.02516,-0.029695,20260811_201225,1
GS_FQ2_2025,GS,2025-07-15,2025-07-15,702.51,0.008527,0.008982,0.008185,-0.002989,0.04195,0.005955,0.005639,-0.000559,-0.013791,0.020861,20260811_201225,1
GS_FQ2_2026,GS,2026-07-13,2026-07-13,1045.91,0.037374,0.08996,0.047375,0.00872,0.002218,0.035052,0.086409,0.045306,0.01817,0.015673,20260811_201225,1
GS_FQ3_2025,GS,2025-10-13,2025-10-13,786.78,-0.028382,-0.020361,-0.036465,-0.029818,0.00408,-0.019528,-0.01914,-0.032845,-0.042276,-0.029402,20260811_201225,1
GS_FQ4_2025,GS,2026-01-14,2026-01-14,932.67,-0.008331,0.046308,0.011472,0.023567,0.007988,-0.014429,0.043585,0.029984,0.025566,0.002657,20260811_201225,1
IBM_FQ1_2026,IBM,2026-04-22,2026-04-22,251.86,-0.077781,-0.082506,-0.094537,-0.098309,-0.103708,-0.075377,-0.078625,-0.100105,-0.098829,-0.135513,20260811_201225,1
IBM_FQ2_2025,IBM,2025-07-23,2025-07-23,282.01,-0.073614,-0.076238,-0.066664,-0.077125,-0.105422,-0.074229,-0.076569,-0.070969,-0.077519,-0.103167,20260811_201225,1
IBM_FQ4_2025,IBM,2026-01-28,2026-01-28,294.16,0.080568,0.051265,0.069928,-0.017372,-0.07258,0.079173,0.053249,0.069942,-0.004099,-0.067604,20260811_201225,1
LOW_FQ1_2025,LOW,2026-05-21,2026-05-21,217.41,-0.000874,-0.010947,-0.002622,-0.014029,-0.030679,-0.005613,-0.014879,-0.013043,-0.032555,-0.023718,20260811_201225,1
LOW_FQ1_2026,LOW,2026-05-20,2026-05-20,221.05,-0.014929,-0.016467,-0.040579,-0.01416,-0.061163,-0.011408,-0.01845,-0.053179,-0.03217,-0.082532,20260811_201225,1
LOW_FQ2_2025,LOW,2025-08-20,2025-08-20,257.14,-0.004122,-0.005795,0.006728,0.00595,0.028895,-0.001255,-0.001783,-0.000105,-0.007402,0.011641,20260811_201225,1
LOW_FQ3_2025,LOW,2025-11-19,2025-11-19,228.41,-0.001445,8.8e-05,0.001532,0.057791,0.077755,-0.016959,0.01533,-0.007673,0.03206,0.044916,20260811_201225,1
LOW_FQ4_2025,LOW,2026-02-25,2026-02-25,263.02,0.001217,0.005209,-0.022242,-0.016729,-0.061364,0.001029,0.010763,-0.012475,-0.005158,-0.037098,20260811_201225,1
LULU_FQ1_2026,LULU,2026-06-04,2026-06-04,124.92,-0.115994,-0.085575,-0.028498,-0.024656,-0.105267,-0.109681,-0.059765,-0.002028,0.000876,-0.091597,20260811_201225,1
LULU_FQ3_2025,LULU,2025-12-11,2025-12-11,187.01,0.093952,0.096038,0.105502,0.150259,0.117427,0.095403,0.10679,0.120448,0.168687,0.115773,20260811_201225,1
LULU_FQ4_2025,LULU,2026-03-17,2026-03-17,159.27,-0.007723,0.038425,0.022289,0.010548,-0.038739,-0.0041,0.052379,0.055414,0.036801,-0.008253,20260811_201225,1
AMKBY_FQ1_2025,AMKBY,2025-05-07,2025-05-07,8.58,0.016317,0.011655,0.092075,0.110723,0.101399,0.009029,0.004687,0.053155,0.063605,0.06271,20260811_201225,1
AMKBY_FQ2_2025,AMKBY,2025-08-07,2025-08-07,10.71,0.008403,0.014939,0.067227,0.033613,-0.000934,0.005541,0.007142,0.050714,0.013526,-0.006153,20260811_201225,1
AMKBY_FQ3_2025,AMKBY,2025-11-05,2025-11-05,10.38,-0.055877,-0.046243,-0.049133,-0.063584,-0.071291,-0.054238,-0.035513,-0.05483,-0.072144,-0.049227,20260811_201225,1
AMKBY_FQ4_2025,AMKBY,2026-02-05,2026-02-05,12.09,-0.013234,0.0,-0.004136,-0.042184,0.041356,-0.018901,-0.019185,-0.025534,-0.04757,0.023928,20260811_201225,1
MCD_FQ1_2026,MCD,2026-05-07,2026-05-07,283.7,0.004582,-0.028023,-0.03123,-0.030772,0.001692,3e-06,-0.036279,-0.040252,-0.053449,-0.013535,20260811_201225,1
MCD_FQ4_2024,MCD,2025-02-10,2025-02-10,308.42,-0.003405,0.005804,0.005188,-0.01164,0.007457,0.000398,0.005043,-0.00288,-0.022618,0.024999,20260811_201225,1
MCD_FQ4_2025,MCD,2026-02-11,2026-02-11,323.21,0.020482,0.027443,0.013644,0.012066,0.035024,0.017187,0.042892,0.02681,0.022876,0.038868,20260811_201225,1
META_FQ1_2026,META,2026-04-29,2026-04-29,669.12,-0.074426,-0.0855,-0.087742,-0.084051,-0.078446,-0.078712,-0.09545,-0.096778,-0.115319,-0.121632,20260811_201225,1
META_FQ3_2025,META,2025-10-29,2025-10-29,751.67,-0.109782,-0.113348,-0.151609,-0.153951,-0.189791,-0.104705,-0.10235,-0.145717,-0.139679,-0.183957,20260811_201225,1
META_FQ4_2025,META,2026-01-28,2026-01-28,668.73,0.102732,0.104048,0.056346,0.000389,-6e-05,0.101337,0.106032,0.05636,0.013661,0.004916,20260811_201225,1
NKE_FQ1_2025,NKE,2024-10-01,2024-10-01,89.13,-0.07001,-0.067654,-0.077191,-0.093796,-0.078649,-0.06841,-0.068076,-0.084858,-0.101797,-0.098276,20260811_201225,1
NKE_FQ2_2025,NKE,2024-12-19,2024-12-19,77.1,-0.014786,-0.002075,-0.004021,-0.00882,-0.066148,-0.007398,-0.010692,-0.029955,-0.024022,-0.081947,20260811_201225,1
NKE_FQ3_2025,NKE,2025-03-20,2025-03-20,71.86,-0.073337,-0.05455,-0.074033,-0.084331,-0.226552,-0.062356,-0.05188,-0.091664,-0.087142,-0.17564,20260811_201225,1
NVDA_FQ1_2025,NVDA,2025-02-26,2025-02-26,131.28,0.028336,-0.084781,-0.13117,-0.10649,-0.118373,0.024451,-0.068819,-0.113055,-0.087181,-0.058377,20260811_201225,1
NVDA_FQ2_2025,NVDA,2025-05-28,2025-05-28,134.81,0.055189,0.03249,0.019064,0.052741,0.059491,0.04612,0.028543,0.010591,0.038789,0.0363,20260811_201225,1
NVDA_FQ3_2025,NVDA,2025-08-27,2025-08-27,181.6,-0.004295,-0.007874,-0.059582,-0.054736,-0.024394,-0.005238,-0.011416,-0.049746,-0.058586,-0.041406,20260811_201225,1
NVDA_FQ4_2025,NVDA,2025-11-19,2025-11-19,186.52,0.050558,-0.031525,-0.021285,-0.033562,-0.016835,0.035044,-0.016283,-0.03049,-0.059293,-0.049674,20260811_201225,1
TSLA_FQ1_2026,TSLA,2026-04-22,2026-04-22,387.51,-0.031561,-0.035586,-0.022812,-0.03796,0.028954,-0.029156,-0.031705,-0.02838,-0.038481,-0.002851,20260811_201225,1
TSLA_FQ3_2025,TSLA,2025-10-22,2025-10-22,438.97,-0.043215,0.022803,0.03064,0.051347,0.052623,-0.043694,0.016873,0.004524,0.022012,0.037978,20260811_201225,1
TSLA_FQ4_2025,TSLA,2026-01-28,2026-01-28,431.46,0.014694,-0.034534,-0.022366,-0.058986,-0.007394,0.013299,-0.032549,-0.022352,-0.045713,-0.002418,20260811_201225,1
UBER_FQ1_2025,UBER,2025-05-06,2025-05-06,85.83,-0.031458,-0.025399,-0.035186,0.068624,0.070372,-0.033874,-0.029605,-0.0451,0.018445,0.009438,20260811_201225,1
UBER_FQ1_2026,UBER,2026-05-05,2026-05-05,72.95,0.061823,0.085264,0.03427,0.046744,0.015627,0.055758,0.071364,0.015134,0.026835,0.001866,20260811_201225,1
UBER_FQ2_2025,UBER,2025-08-05,2025-08-05,89.39,0.017452,-0.001902,0.001902,0.026177,0.066339,0.015732,-0.009561,-0.012765,0.002737,0.047484,20260811_201225,1
UBER_FQ4_2025,UBER,2026-02-03,2026-02-03,77.93,-0.029578,-0.051456,-0.040549,-0.056846,-0.066213,-0.030767,-0.046613,-0.04213,-0.060602,-0.061514,20260811_201225,1
WMT_FQ1_2025,WMT,2025-05-14,2025-05-14,96.83,-0.026128,-0.004957,0.013322,-0.004131,0.002788,-0.022673,-0.009842,0.000967,0.003919,-0.001398,20260811_201225,1
WMT_FQ1_2026,WMT,2026-05-20,2026-05-20,130.85,-0.049217,-0.072679,-0.093848,-0.091326,-0.100191,-0.045696,-0.074662,-0.106448,-0.109336,-0.12156,20260811_201225,1
WMT_FQ2_2025,WMT,2025-08-20,2025-08-20,102.57,-0.030808,-0.044945,-0.063371,-0.063274,-0.015989,-0.02794,-0.040933,-0.070204,-0.076626,-0.033243,20260811_201225,1
WMT_FQ3_2025,WMT,2025-11-19,2025-11-19,100.61,0.033098,0.064606,0.034291,0.084385,0.141437,0.017584,0.079848,0.025085,0.058654,0.108598,20260811_201225,1
WMT_FQ4_2025,WMT,2026-02-18,2026-02-18,126.62,0.014848,-0.013821,-0.006397,-0.006871,0.009398,0.018417,-0.011184,-0.000714,-0.016867,0.011088,20260811_201225,1
BAC_FQ1_2025,BAC,2025-04-15,2025-04-15,37.99,-0.003422,-0.017373,-0.028165,0.020005,0.04975,0.007608,0.004855,0.015974,0.024079,0.018259,20260811_201225,1
BAC_FQ2_2025,BAC,2025-07-15,2025-07-15,46.15,0.002167,-0.0026,0.025352,0.035103,0.039003,-0.000405,-0.005944,0.016608,0.024302,0.017915,20260811_201225,1
BAC_FQ3_2025,BAC,2025-10-14,2025-10-14,50.09,0.029547,0.043721,0.023757,0.028549,0.0555,0.022616,0.039282,0.020495,0.014868,0.018006,20260811_201225,1
BAC_FQ4_2025,BAC,2026-01-13,2026-01-13,54.54,-0.030436,-0.03777,-0.028786,-0.045288,-0.050055,-0.026444,-0.032855,-0.025745,-0.033223,-0.052433,20260811_201225,1
BA_FQ1_2025,BA,2025-04-23,2025-04-23,172.37,-0.006788,0.022568,0.057609,0.063062,0.076521,-0.009216,0.001519,0.02879,0.027352,0.028466,20260811_201225,1
BA_FQ2_2025,BA,2025-07-29,2025-07-29,226.08,0.007785,-0.001062,-0.018489,-0.005396,0.028884,0.006746,0.000198,0.002825,0.006079,0.017188,20260811_201225,1
BA_FQ3_2025,BA,2025-10-29,2025-10-29,213.58,-0.016715,-0.063208,-0.042279,-0.074726,-0.084652,-0.011638,-0.05221,-0.036387,-0.060455,-0.078818,20260811_201225,1
BA_FQ4_2025,BA,2026-01-26,2026-01-26,248.43,-0.02387,-0.015578,-0.057924,-0.06203,-0.014974,-0.025963,-0.019562,-0.059815,-0.065898,-0.016735,20260811_201225,1
DIS_FQ1_2025,DIS,2025-02-05,2025-02-05,110.54,0.012122,0.014022,-0.011399,-0.011851,9e-05,0.009193,0.010546,-0.012441,-0.010428,-0.010105,20260811_201225,1
DIS_FQ3_2025,DIS,2025-08-05,2025-08-05,118.32,-0.021467,-0.026623,-0.04978,-0.038878,-0.017326,-0.023187,-0.034282,-0.064447,-0.062318,-0.03618,20260811_201225,1
DIS_FQ4_2025,DIS,2025-11-12,2025-11-12,116.65,-0.066524,-0.077497,-0.093956,-0.1027,-0.11333,-0.062309,-0.060903,-0.068041,-0.072337,-0.107916,20260811_201225,1
JPM_FQ1_2025,JPM,2025-04-10,2025-04-10,227.11,-0.003523,0.040025,0.026507,0.021355,0.072388,-0.00053,0.022182,0.001668,0.017867,0.02271,20260811_201225,1
JPM_FQ1_2026,JPM,2026-04-14,2026-04-14,311.12,0.009096,-0.016682,-0.002668,0.006043,0.001061,0.007944,-0.024573,-0.025246,-0.00781,-0.02375,20260811_201225,1
JPM_FQ2_2025,JPM,2025-07-15,2025-07-15,286.55,0.006456,-0.002547,0.016472,0.01703,0.036608,0.003884,-0.005891,0.007728,0.006229,0.01552,20260811_201225,1
JPM_FQ3_2025,JPM,2025-10-14,2025-10-14,302.08,0.014268,0.011951,-0.014963,-0.016519,0.010858,0.007337,0.007511,-0.018225,-0.0302,-0.026637,20260811_201225,1
JPM_FQ4_2025,JPM,2026-01-13,2026-01-13,310.9,-0.008684,-0.009746,0.00505,-0.028498,-0.032583,-0.004692,-0.004831,0.008091,-0.016433,-0.034961,20260811_201225,1
NFLX_FQ1_2025,NFLX,2025-04-17,2025-04-17,97.303,0.011685,0.015292,0.078682,0.132062,0.188545,0.021658,0.039095,0.061566,0.086033,0.111894,20260811_201225,1
NFLX_FQ1_2026,NFLX,2026-04-16,2026-04-16,107.79,-0.105947,-0.097226,-0.141108,-0.138881,-0.131552,-0.112332,-0.109312,-0.144557,-0.148558,-0.15578,20260811_201225,1
NFLX_FQ2_2025,NFLX,2025-07-17,2025-07-17,127.417,-0.025279,-0.050959,-0.065996,-0.07331,-0.090074,-0.027285,-0.050226,-0.067302,-0.083469,-0.096507,20260811_201225,1
NFLX_FQ3_2025,NFLX,2025-10-21,2025-10-21,124.135,-0.079309,-0.100681,-0.118146,-0.111854,-0.119539,-0.080367,-0.095482,-0.127024,-0.135346,-0.125423,20260811_201225,1
NFLX_FQ4_2024,NFLX,2025-01-21,2025-01-21,86.968,0.147583,0.096944,0.12408,0.117457,0.143949,0.142824,0.091322,0.115922,0.115019,0.146055,20260811_201225,1
NFLX_FQ4_2025,NFLX,2026-01-20,2026-01-20,87.26,-0.05432,-0.021774,-0.013064,-0.019253,-0.083887,-0.057375,-0.033315,-0.030258,-0.045685,-0.101524,20260811_201225,1
TGT_FQ1_2025,TGT,2025-05-21,2025-05-21,93.01,-0.009031,0.022041,0.042791,0.019998,0.005483,-0.008688,0.021646,0.028568,0.007662,-0.012,20260811_201225,1
TGT_FQ1_2026,TGT,2026-05-20,2026-05-20,122.33,-0.012262,0.031227,0.025341,0.051663,0.012425,-0.008741,0.029244,0.012741,0.033653,-0.008944,20260811_201225,1
TGT_FQ2_2025,TGT,2025-08-20,2025-08-20,98.69,-0.002027,-0.016516,-0.015807,-0.007397,-0.060594,0.000841,-0.012505,-0.02264,-0.020749,-0.077848,20260811_201225,1
TGT_FQ3_2025,TGT,2025-11-19,2025-11-19,86.08,0.000929,-0.027881,-0.01789,0.043216,0.06401,-0.014584,-0.012639,-0.027096,0.017485,0.031171,20260811_201225,1
BCS_FQ1_2026,BCS,2026-04-28,2026-04-28,23.0,0.004348,0.0,0.018696,-0.007391,-0.011739,0.005317,0.000155,0.006106,-0.024365,-0.04896,20260811_201225,1
BCS_FQ2_2025,BCS,2025-07-29,2025-07-29,20.05,-0.004489,-0.009476,-0.047381,-0.032918,0.017955,-0.005528,-0.008217,-0.026067,-0.021442,0.006259,20260811_201225,1
BCS_FQ3_2025,BCS,2025-10-22,2025-10-22,20.35,0.019656,0.012776,0.045209,0.049631,0.044717,0.019177,0.006846,0.019093,0.020296,0.030072,20260811_201225,1
F_FQ1_2026,F,2026-04-29,2026-04-29,12.24,-0.056373,-0.013072,-0.060457,-0.005719,0.10866,-0.060659,-0.023022,-0.069494,-0.036987,0.065475,20260811_201225,1
F_FQ2_2025,F,2025-07-30,2025-07-30,10.87,-0.0092,0.018399,0.00736,0.031279,0.052438,-0.01708,0.02215,0.012545,0.033927,0.035999,20260811_201225,1
F_FQ4_2025,F,2026-02-10,2026-02-10,13.57,0.003685,0.020634,0.040531,0.020634,0.063375,-0.002485,0.020865,0.055514,0.029057,0.061887,20260811_201225,1
MSFT_FQ1_2025,MSFT,2024-10-30,2024-10-30,432.53,-0.039697,-0.060528,-0.055649,-0.028553,-0.016947,-0.032024,-0.040924,-0.038063,-0.04757,-0.046567,20260811_201225,1
MSFT_FQ1_2026,MSFT,2025-10-29,2025-10-29,541.55,-0.020441,-0.029157,-0.045277,-0.063503,-0.056154,-0.015364,-0.018159,-0.039386,-0.049232,-0.05032,20260811_201225,1
MSFT_FQ2_2025,MSFT,2025-01-29,2025-01-29,442.33,-0.053263,-0.061809,-0.07101,-0.065652,-0.075261,-0.056836,-0.067176,-0.064297,-0.069657,-0.077836,20260811_201225,1
PFE_FQ1_2025,PFE,2025-04-28,2025-04-28,23.05,-0.009544,0.032104,0.038178,0.035575,0.001735,-0.006023,0.025805,0.024345,0.012592,-0.056611,20260811_201225,1
PFE_FQ1_2026,PFE,2026-05-04,2026-05-04,26.3,0.011027,0.005703,0.006844,-0.018631,-0.036882,0.00579,-0.002319,-0.012055,-0.048283,-0.065628,20260811_201225,1
PFE_FQ2_2025,PFE,2025-08-04,2025-08-04,23.53,0.031449,0.051849,0.029749,0.044624,0.065448,0.030467,0.056919,0.028038,0.037098,0.04623,20260811_201225,1
PFE_FQ4_2025,PFE,2026-02-02,2026-02-02,26.66,-0.048762,-0.033383,-0.006377,0.014629,0.026632,-0.049913,-0.024928,0.019205,0.016728,0.044693,20260811_201225,1
UAL_FQ1_2025,UAL,2025-04-15,2025-04-15,67.0,0.039403,-0.000149,-0.025373,0.015373,0.027164,0.050433,0.022079,0.018767,0.019447,-0.004327,20260811_201225,1
UAL_FQ2_2025,UAL,2025-07-16,2025-07-16,88.47,0.038657,0.031084,0.043857,0.022154,0.020007,0.038369,0.024964,0.036567,0.00615,0.003602,20260811_201225,1
UAL_FQ3_2025,UAL,2025-10-15,2025-10-15,104.05,-0.010668,-0.056319,-0.026526,-0.074772,-0.078039,-0.013149,-0.049509,-0.035741,-0.078726,-0.111444,20260811_201225,1
UAL_FQ4_2025,UAL,2026-01-20,2026-01-20,108.57,0.031132,0.022013,-0.007645,-0.041724,0.021092,0.028077,0.010472,-0.024838,-0.068156,0.003456,20260811_201225,1
PEP_FQ1_2023,PEP,2023-04-25,2023-04-25,189.71,-0.006484,-0.006167,0.00622,0.013389,0.023351,-0.00806,-0.001932,-0.018036,0.001667,0.011408,20260811_201225,1
PEP_FQ1_2024,PEP,2024-04-23,2024-04-23,171.22,-0.015886,0.036152,0.025464,0.027392,0.039715,-0.017686,0.036627,0.020303,0.03465,0.016992,20260811_201225,1
PEP_FQ1_2025,PEP,2025-04-24,2025-04-24,135.31,0.001182,-0.014263,-0.00739,-0.013007,-0.028675,0.001256,-0.021489,-0.021347,-0.034555,-0.062277,20260811_201225,1
PEP_FQ1_2026,PEP,2026-04-16,2026-04-16,158.38,-0.000758,-0.004483,-0.021846,-0.016921,0.000695,-0.007143,-0.016569,-0.025295,-0.026598,-0.023534,20260811_201225,1
PEP_FQ2_2023,PEP,2023-07-13,2023-07-13,187.53,0.00176,0.003626,-0.016424,0.009439,0.005332,-0.000287,0.004249,-0.026723,0.003611,-0.001185,20260811_201225,1
PEP_FQ2_2024,PEP,2024-07-11,2024-07-11,163.95,0.00616,0.014822,0.004941,0.039158,0.043123,0.004094,0.008514,-0.010118,0.046023,0.075595,20260811_201225,1
PEP_FQ2_2025,PEP,2025-07-17,2025-07-17,145.44,0.005638,-0.015126,0.004125,-0.006394,-0.051705,0.003632,-0.014394,0.00282,-0.016553,-0.058138,20260811_201225,1
PEP_FQ2_2026,PEP,2026-07-09,2026-07-09,137.86,-0.014507,-0.003482,-0.017482,0.011388,-0.021108,-0.01496,-0.007792,-0.017641,0.012705,-0.003109,20260811_201225,1
PEP_FQ3_2023,PEP,2023-10-10,2023-10-10,164.4,0.00371,-0.010827,-0.026764,-0.024513,-0.013443,0.001179,-0.014924,-0.019768,-0.027919,0.011664,20260811_201225,1
PEP_FQ3_2024,PEP,2024-10-08,2024-10-08,170.42,-0.006103,0.01244,0.02576,0.032156,0.023178,-0.006085,0.005513,0.014576,0.020623,0.005469,20260811_201225,1
PEP_FQ3_2025,PEP,2025-10-09,2025-10-09,144.71,0.006358,0.037109,0.047198,0.055007,0.04699,0.004912,0.064136,0.060503,0.070681,0.046096,20260811_201225,1
PEP_FQ4_2023,PEP,2024-02-09,2024-02-09,167.67,0.001133,0.017534,-0.000895,-0.008051,0.003519,0.001193,0.017973,0.004353,-0.00468,-0.006038,20260811_201225,1
PEP_FQ4_2024,PEP,2025-02-04,2025-02-04,143.49,-0.000697,0.015123,0.007596,0.014984,0.016168,0.001197,0.011068,0.009275,0.009118,-0.00236,20260811_201225,1
PEP_FQ4_2025,PEP,2026-02-03,2026-02-03,162.85,0.012527,0.020448,0.046914,0.025299,0.009457,0.011338,0.025292,0.045334,0.021543,0.014155,20260811_201225,1
FDX_FQ1_2026,FDX,2025-09-18,2025-09-18,182.5141,0.007947,0.023179,0.031788,0.043797,0.069845,0.007841,0.021004,0.030354,0.050154,0.059336,20260811_201225,1
FDX_FQ2_2026,FDX,2025-12-18,2025-12-18,231.3618,-0.052452,0.005782,0.028176,0.032077,0.036013,-0.052629,-0.000309,0.011191,0.011618,0.019382,20260811_201225,1
FDX_FQ3_2026,FDX,2026-03-19,2026-03-19,286.9541,0.069389,0.007694,0.010811,-0.018421,0.015501,0.074375,0.024714,0.020845,0.003873,0.021518,20260811_201225,1
FDX_FQ4_2026,FDX,2026-06-23,2026-06-23,317.24,-0.007786,-0.001292,0.004066,-0.012955,-0.023578,-0.009953,-0.000829,0.010323,-0.030936,-0.039691,20260811_201225,1
LMT_FQ1_2025,LMT,2025-04-22,2025-04-22,462.08,0.010648,0.003181,0.033674,0.029865,0.013266,-0.01435,-0.012314,-0.010688,-0.021477,-0.046573,20260811_201225,1
LMT_FQ2_2025,LMT,2025-07-22,2025-07-22,410.74,0.007353,0.02106,0.025393,0.022861,0.042606,0.003075,0.012552,0.01229,0.012684,0.044021,20260811_201225,1
LMT_FQ3_2025,LMT,2025-10-21,2025-10-21,489.5,0.004025,-0.004821,-0.008355,-0.00762,-0.009234,0.002967,0.000378,-0.017234,-0.031112,-0.015118,20260811_201225,1
LMT_FQ4_2025,LMT,2026-01-29,2026-01-29,622.51,-0.002426,0.018811,0.009237,-0.021413,0.023967,0.000816,0.021793,0.015735,0.002245,0.042367,20260811_201225,1
NVO_FQ1_2025,NVO,2025-05-07,2025-05-07,67.55,-0.024278,-0.03997,0.002813,-0.046484,0.009622,-0.031567,-0.046938,-0.036107,-0.093602,-0.029066,20260811_201225,1
NVO_FQ2_2025,NVO,2025-08-06,2025-08-06,45.38,0.068092,0.074482,0.098942,0.121639,0.196562,0.062624,0.07532,0.09398,0.102502,0.188139,20260811_201225,1
NVO_FQ3_2025,NVO,2025-11-05,2025-11-05,48.46,-0.014651,-0.040239,-0.052002,0.037144,0.011143,-0.013013,-0.02951,-0.057698,0.028584,0.033207,20260811_201225,1
NVO_FQ4_2025,NVO,2026-02-03,2026-02-03,50.3,-0.04672,-0.061829,-0.052883,-0.023459,-0.021272,-0.047909,-0.056985,-0.054463,-0.027215,-0.016573,20260811_201225,1
HLT_FQ1_2025,HLT,2025-04-29,2025-04-29,226.41,-0.014885,-0.004108,0.063999,0.044963,0.130736,-0.002707,-0.004504,0.041557,0.036881,0.07207,20260811_201225,1
HLT_FQ1_2026,HLT,2026-04-28,2026-04-28,323.36,-0.005597,-0.0274,-0.01469,-0.03275,-0.030276,-0.004628,-0.027245,-0.027279,-0.049724,-0.067497,20260811_201225,1
HLT_FQ2_2025,HLT,2025-07-23,2025-07-23,266.85,-0.001574,0.002698,0.01394,0.024133,-0.02211,-0.002189,0.002367,0.009636,0.023739,-0.019855,20260811_201225,1
HLT_FQ3_2024,HLT,2024-10-23,2024-10-23,233.5,-0.001713,0.007323,0.015717,0.021028,0.055375,-0.005156,0.005161,0.010804,0.017533,0.032796,20260811_201225,1
HLT_FQ4_2025,HLT,2026-02-11,2026-02-11,325.13,0.001169,-0.009104,-0.022483,-0.038139,-0.022453,-0.002126,0.006345,-0.009318,-0.027329,-0.018608,20260811_201225,1
MC.PA_FQ2_2025,MC.PA,2025-07-24,2025-07-24,470.25,-0.011271,0.039234,0.009676,0.004466,-0.019458,-0.012327,0.03501,0.008352,0.008154,-0.016037,20260811_201225,0
MC.PA_FQ4_2025,MC.PA,2026-01-27,2026-01-27,589.3,-0.056508,-0.078907,-0.07195,-0.102325,-0.087561,-0.058751,-0.078807,-0.066889,-0.093755,-0.082716,20260811_201225,0
MAR_FQ1_2026,MAR,2026-05-06,2026-05-06,359.06,-0.002924,-0.019523,-0.015986,-0.024703,0.029772,-0.004587,-0.016457,-0.02344,-0.036259,0.019661,20260811_201225,1
MAR_FQ2_2025,MAR,2025-08-05,2025-08-05,259.72,-0.001656,0.011512,0.00077,0.020368,0.027183,-0.003375,0.003853,-0.013896,-0.003073,0.008329,20260811_201225,1
MAR_FQ3_2025,MAR,2025-11-04,2025-11-04,272.24,0.005547,0.039781,0.069498,0.072216,0.039157,0.005932,0.036316,0.075821,0.060723,0.061608,20260811_201225,1
MAR_FQ4_2025,MAR,2026-02-10,2026-02-10,359.35,-0.002004,-0.00167,-0.015194,-0.009322,-0.033143,-0.008173,-0.001439,-0.000211,-0.000899,-0.034631,20260811_201225,1
ALV.DE_FQ1_2025,ALV.DE,2025-05-15,2025-05-15,348.2,0.000862,0.008616,-0.001149,0.007754,-0.001436,-0.000476,0.002282,-0.005196,0.020236,0.000376,20260811_201225,0
GOOGL_FQ1_2026,GOOGL,2026-04-29,2026-04-29,349.94,0.068955,0.099617,0.095188,0.137452,0.15054,0.064668,0.089667,0.086152,0.106184,0.107355,20260811_201225,1
GOOGL_FQ3_2025,GOOGL,2025-10-29,2025-10-29,274.57,0.061988,0.025167,0.033325,0.035474,0.044215,0.067065,0.036165,0.039217,0.049745,0.050048,20260811_201225,1
GOOGL_FQ4_2025,GOOGL,2026-02-04,2026-02-04,333.04,-0.062515,-0.005375,-0.026183,-0.066298,-0.09065,-0.054864,0.007115,-0.037492,-0.074707,-0.088158,20260811_201225,1
BKNG_FQ2_2025,BKNG,2025-07-29,2025-07-29,223.6308,-0.018024,0.00396,-0.036575,-0.023773,-0.023115,-0.019063,0.005219,-0.01526,-0.012297,-0.034811,20260811_201225,1
BKNG_FQ3_2025,BKNG,2025-10-28,2025-10-28,204.8228,0.015514,-0.008731,-0.008364,-0.025155,-0.013655,0.013098,-0.009212,-0.001087,-0.007952,-0.007745,20260811_201225,1
BKNG_FQ4_2025,BKNG,2026-02-18,2026-02-18,170.7996,-0.042417,-0.061485,-0.09348,-0.025056,-0.003843,-0.038847,-0.058848,-0.087798,-0.035052,-0.002153,20260811_201225,1
AVGO_FQ1_2026,AVGO,2026-03-04,2026-03-04,317.53,0.039839,0.047995,0.088873,0.075709,-0.005039,0.04429,0.053571,0.098886,0.088554,0.029553,20260811_201225,1
AVGO_FQ3_2025,AVGO,2025-09-04,2025-09-04,306.1,0.1623,0.094054,0.099869,0.174877,0.128226,0.158664,0.09695,0.098005,0.161767,0.107983,20260811_201225,1
AVGO_FQ4_2025,AVGO,2025-12-11,2025-12-11,406.37,-0.06499,-0.11428,-0.160125,-0.188227,-0.133474,-0.063539,-0.103528,-0.14518,-0.169799,-0.135129,20260811_201225,1
CAT_FQ2_2025,CAT,2025-08-04,2025-08-04,433.7,-0.01395,0.001222,-0.038229,-0.058012,-0.048559,-0.014932,0.006292,-0.03994,-0.065538,-0.067777,20260811_201225,1
CAT_FQ3_2025,CAT,2025-10-28,2025-10-28,524.47,0.064274,0.116346,0.100654,0.044064,0.082865,0.061858,0.115866,0.107931,0.061267,0.088774,20260811_201225,1
CAT_FQ4_2025,CAT,2026-01-28,2026-01-28,643.28,0.018483,0.034137,0.074042,0.075457,0.204763,0.017088,0.036122,0.074057,0.08873,0.209738,20260811_201225,1
CMG_FQ1_2025,CMG,2025-04-23,2025-04-23,48.76,0.009024,0.015997,0.043889,0.036095,0.059065,0.006596,-0.005052,0.01507,0.000385,0.011009,20260811_201225,1
CMG_FQ2_2025,CMG,2025-07-23,2025-07-23,52.78,-0.124668,-0.133384,-0.150057,-0.170898,-0.191171,-0.125283,-0.133715,-0.154361,-0.171292,-0.188916,20260811_201225,1
CMG_FQ3_2025,CMG,2025-10-29,2025-10-29,39.76,-0.213531,-0.181841,-0.207495,-0.195926,-0.212274,-0.208454,-0.170843,-0.201603,-0.181654,-0.20644,20260811_201225,1
CMG_FQ4_2025,CMG,2026-02-03,2026-02-03,39.17,-0.037018,0.019403,0.005617,-0.018637,-0.011488,-0.038207,0.024247,0.004036,-0.022393,-0.006789,20260811_201225,1
CMCSA_FQ1_2025,CMCSA,2025-04-23,2025-04-23,32.3055,-0.072237,-0.037134,-0.020308,-0.007833,-0.002321,-0.074665,-0.058183,-0.049126,-0.043543,-0.050377,20260811_201225,1
CMCSA_FQ1_2026,CMCSA,2026-04-22,2026-04-22,29.37,0.038475,0.07729,-0.06333,-0.088866,-0.099762,0.040879,0.08117,-0.068898,-0.089386,-0.131567,20260811_201225,1
CMCSA_FQ2_2025,CMCSA,2025-07-30,2025-07-30,30.4592,0.045846,0.022462,0.001846,-0.010462,0.013539,0.037966,0.026213,0.007032,-0.007814,-0.002901,20260811_201225,1
CMCSA_FQ4_2025,CMCSA,2026-01-28,2026-01-28,28.41,-0.027455,0.029215,0.041535,0.073566,0.143259,-0.02885,0.031199,0.041549,0.086838,0.148235,20260811_201225,1
DELL_FQ1_2025,DELL,2025-05-29,2025-05-29,113.63,-0.010121,-0.020769,-0.015225,-0.015929,-0.002024,-0.008222,-0.019651,-0.025461,-0.021013,-0.025242,20260811_201225,1
DELL_FQ3_2025,DELL,2025-11-25,2025-11-25,125.92,0.060832,0.058291,0.048999,0.061229,0.11682,0.056966,0.051387,0.041222,0.048089,0.098228,20260811_201225,1
DELL_FQ4_2025,DELL,2026-02-26,2026-02-26,121.45,0.131083,0.219267,0.195389,0.206422,0.234335,0.140092,0.224069,0.208402,0.218014,0.268051,20260811_201225,1
DAL_FQ1_2025,DAL,2025-04-09,2025-04-09,44.27,-0.046307,-0.11091,-0.089677,-0.083126,-0.050824,-0.016322,-0.067091,-0.072361,-0.041276,-0.047307,20260811_201225,1
DAL_FQ2_2025,DAL,2025-07-10,2025-07-10,56.78,-0.009686,-0.002289,-0.018845,-0.007749,-0.036456,-0.004765,0.001226,-0.012964,-0.011296,-0.050198,20260811_201225,1
DAL_FQ3_2025,DAL,2025-10-09,2025-10-09,59.57,0.006043,-0.035085,0.028538,0.013933,-0.01343,0.004598,-0.008057,0.041843,0.029608,-0.014324,20260811_201225,1
DAL_FQ4_2025,DAL,2026-01-13,2026-01-13,69.33,0.000865,-0.012116,0.015866,-0.005481,-0.050483,0.004858,-0.007201,0.018908,0.006583,-0.052861,20260811_201225,1
EXPE_FQ1_2025,EXPE,2025-05-08,2025-05-08,168.99,-0.097047,-0.072963,0.002249,-0.016451,-0.048938,-0.09956,-0.071689,-0.036296,-0.061402,-0.080846,20260811_201225,1
EXPE_FQ1_2026,EXPE,2026-05-07,2026-05-07,252.79,-0.080225,-0.090233,-0.123858,-0.140907,-0.137149,-0.084804,-0.098489,-0.132879,-0.163584,-0.152377,20260811_201225,1
EXPE_FQ2_2025,EXPE,2025-08-07,2025-08-07,187.61,0.127872,0.040776,0.083045,0.104419,0.094558,0.125009,0.032979,0.066532,0.084332,0.089338,20260811_201225,1
EXPE_FQ4_2025,EXPE,2026-02-12,2026-02-12,227.24,-0.067066,-0.064117,-0.103195,-0.104559,-0.050827,-0.067682,-0.064822,-0.110563,-0.116537,-0.057756,20260811_201225,1
GIS_FQ2_2026,GIS,2025-12-17,2025-12-17,48.61,-0.002674,0.002057,-0.024892,-0.033121,-0.059453,-0.011909,-0.005494,-0.044895,-0.06139,-0.076983,20260811_201225,1
GIS_FQ3_2026,GIS,2026-03-18,2026-03-18,37.59,-0.00133,-0.002394,-0.006119,-0.037776,-0.010109,0.005413,7e-05,0.003028,-0.030806,-0.000751,20260811_201225,1
GIS_FQ4_2026,GIS,2026-07-01,2026-07-01,37.77,0.006089,-0.005295,-0.017739,-0.050834,0.024623,0.00389,-0.003981,-0.020354,-0.058813,0.017972,20260811_201225,1
JNJ_FQ1_2025,JNJ,2025-04-14,2025-04-14,154.36,0.008681,-0.004794,0.020148,0.021962,0.010041,0.007661,-0.001993,0.043723,0.043979,-0.018153,20260811_201225,1
JNJ_FQ2_2025,JNJ,2025-07-15,2025-07-15,155.17,0.033061,0.061932,0.054972,0.082232,0.083392,0.030489,0.058589,0.046228,0.071431,0.062304,20260811_201225,1
JNJ_FQ3_2025,JNJ,2025-10-13,2025-10-13,190.9,0.010581,-0.000262,0.006391,0.014772,-0.003143,0.019435,0.00096,0.01001,0.002314,-0.036625,20260811_201225,1
KHC_FQ1_2025,KHC,2026-02-11,2026-02-11,24.99,-0.020808,-0.026811,-0.048419,-0.040016,-0.016807,-0.024103,-0.011362,-0.035254,-0.029206,-0.012963,20260811_201225,1
KHC_FQ1_2026,KHC,2026-05-06,2026-05-06,23.07,-0.002601,0.024707,0.008236,0.004768,0.019939,-0.004263,0.027774,0.000782,-0.006788,0.009828,20260811_201225,1
KHC_FQ4_2024,KHC,2025-02-12,2025-02-12,28.62,-0.010657,0.022013,0.024458,0.053808,0.070929,-0.012513,0.011455,0.010984,0.042174,0.101276,20260811_201225,1
LNVGY_FQ1_2026,LNVGY,2025-08-14,2025-08-14,27.4,0.04927,0.006934,0.020803,0.029562,0.064599,0.047658,0.009276,0.028773,0.044137,0.058443,20260811_201225,1
LNVGY_FQ2_2026,LNVGY,2026-01-30,2026-01-30,22.61,-0.008846,0.031402,0.008403,0.068111,0.043786,-0.005392,0.026431,0.016756,0.070062,0.058555,20260811_201225,1
LNVGY_FQ3_2026,LNVGY,2026-02-12,2026-02-12,22.96,0.025697,0.027875,0.039199,0.046603,0.079268,0.02508,0.02717,0.03183,0.034625,0.07234,20260811_201225,1
LNVGY_FQ4_2026,LNVGY,2026-05-22,2026-05-22,40.17,0.170276,0.163306,0.262634,0.670401,0.565098,0.164416,0.156667,0.250617,0.6531,0.573708,20260811_201225,1
LIN_FQ1_2026,LIN,2026-05-01,2026-05-01,507.92,-0.008545,-0.028292,-0.011911,-0.02906,-0.003564,-0.00774,-0.024629,-0.0302,-0.052608,-0.029263,20260811_201225,1
LIN_FQ2_2025,LIN,2025-08-01,2025-08-01,459.41,0.000979,0.017392,0.026273,0.028319,0.044992,-0.005374,0.002192,0.008483,0.003452,0.010057,20260811_201225,1
LIN_FQ3_2025,LIN,2025-10-31,2025-10-31,418.3,0.009443,-0.014631,-0.000167,0.005283,0.012168,0.00415,-0.016507,0.006401,0.021543,0.02702,20260811_201225,1
MET_FQ1_2026,MET,2026-05-06,2026-05-06,80.16,0.00499,-0.016717,-0.027196,-0.025948,0.029316,0.003327,-0.013651,-0.03465,-0.037504,0.019205,20260811_201225,1
MET_FQ2_2024,MET,2024-07-31,2024-07-31,76.85,0.022902,-0.013923,-0.11568,-0.10566,-0.07378,0.019706,0.000238,-0.054987,-0.047292,-0.060963,20260811_201225,1
MET_FQ2_2025,MET,2025-08-06,2025-08-06,75.95,-0.050691,-0.028045,-0.008558,0.018565,0.040553,-0.056159,-0.027207,-0.01352,-0.000573,0.03213,20260811_201225,1
MET_FQ3_2024,MET,2024-10-30,2024-10-30,83.18,-0.079466,-0.057225,-0.055542,0.000842,-0.013946,-0.071794,-0.037622,-0.037956,-0.018175,-0.043566,20260811_201225,1
MET_FQ3_2025,MET,2025-11-05,2025-11-05,78.68,0.010422,-0.034443,-0.019065,0.019446,-0.049822,0.01206,-0.023714,-0.024761,0.010886,-0.027758,20260811_201225,1
MET_FQ4_2025,MET,2026-02-04,2026-02-04,78.01,0.0191,-0.034483,-0.022177,0.011281,0.001154,0.026751,-0.021994,-0.033486,0.002872,0.003646,20260811_201225,1
MU_FQ1_2026,MU,2025-12-17,2025-12-17,225.52,0.137504,0.10212,0.226454,0.271195,0.398634,0.12827,0.094568,0.206451,0.242926,0.381104,20260811_201225,1
MU_FQ2_2026,MU,2026-03-18,2026-03-18,461.73,-0.079614,-0.037814,-0.124272,-0.172482,-0.203322,-0.072871,-0.03535,-0.115125,-0.165512,-0.193964,20260811_201225,1
MU_FQ4_2025,MU,2025-09-23,2025-09-23,166.41,-0.007992,-0.028243,-0.054925,0.005468,0.115858,-0.009952,-0.025062,-0.052829,0.00099,0.106947,20260811_201225,1
ORCL_FQ1_2026,ORCL,2025-09-09,2025-09-09,241.51,0.321643,0.359488,0.209805,0.26972,0.299449,0.316584,0.356597,0.198918,0.25485,0.279644,20260811_201225,1
ORCL_FQ2_2026,ORCL,2025-12-10,2025-12-10,223.01,-0.14524,-0.108336,-0.1708,-0.199767,-0.114434,-0.141706,-0.110663,-0.160851,-0.176249,-0.118521,20260811_201225,1
ORCL_FQ3_2026,ORCL,2026-03-10,2026-03-10,149.4,0.113655,0.091834,0.03822,0.035408,-0.015462,0.113064,0.093089,0.060208,0.044845,0.019979,20260811_201225,1
PLTR_FQ1_2025,PLTR,2025-05-05,2025-05-05,123.77,-0.089359,-0.120465,-0.037327,-0.042902,0.020684,-0.079457,-0.112107,-0.040078,-0.077471,-0.034932,20260811_201225,1
PLTR_FQ2_2025,PLTR,2025-08-04,2025-08-04,160.66,0.069401,0.078489,0.134072,0.13706,0.083219,0.068419,0.083559,0.132361,0.129534,0.064001,20260811_201225,1
PLTR_FQ3_2025,PLTR,2025-11-03,2025-11-03,207.18,-0.072932,-0.079351,-0.155082,-0.065499,-0.173424,-0.062351,-0.067498,-0.136014,-0.062718,-0.147566,20260811_201225,1
PLTR_FQ4_2025,PLTR,2026-02-02,2026-02-02,147.76,0.117014,0.06849,-0.120127,-0.032823,-0.099756,0.115864,0.076945,-0.094545,-0.030724,-0.081695,20260811_201225,1
PYPL_FQ1_2025,PYPL,2025-04-29,2025-04-29,66.32,-0.017566,-0.007238,0.013872,0.026086,0.090018,-0.005389,-0.007635,-0.00857,0.018004,0.031352,20260811_201225,1
PYPL_FQ1_2026,PYPL,2026-05-05,2026-05-05,46.49,0.004194,-0.004732,-0.024091,-0.022586,-0.057217,-0.001871,-0.018632,-0.043227,-0.042495,-0.070978,20260811_201225,1
PYPL_FQ2_2025,PYPL,2025-07-29,2025-07-29,71.45,0.010357,-0.024353,-0.060742,-0.050665,-0.048705,0.009318,-0.023093,-0.039428,-0.039189,-0.060401,20260811_201225,1
PYPL_FQ3_2025,PYPL,2025-10-28,2025-10-28,73.02,-0.004382,-0.045741,-0.051356,-0.095042,-0.076965,-0.006798,-0.046221,-0.044078,-0.077839,-0.071056,20260811_201225,1
PINS_FQ1_2026,PINS,2026-05-04,2026-05-04,20.85,0.185132,0.068585,0.033573,-0.004317,-0.044125,0.179895,0.060563,0.014674,-0.033968,-0.072871,20260811_201225,1
PINS_FQ4_2024,PINS,2025-02-06,2025-02-06,33.59,0.217327,0.190831,0.178029,0.163739,0.123251,0.216386,0.199984,0.179695,0.158115,0.133773,20260811_201225,1
PINS_FQ4_2025,PINS,2026-02-12,2026-02-12,18.54,-0.227077,-0.168285,-0.116505,-0.041532,-0.076052,-0.227693,-0.168989,-0.123873,-0.053509,-0.08298,20260811_201225,1
PUM.DE_FQ1_2025,PUM.DE,2025-05-07,2025-05-07,23.37,0.044929,0.052204,0.028241,-0.002995,-0.001712,0.037641,0.045236,-0.010679,-0.050113,-0.0404,20260811_201225,0
PUM.DE_FQ1_2026,PUM.DE,2026-04-30,2026-04-30,25.98,0.002694,-0.060816,-0.04234,-0.031178,0.0204,-0.00091,-0.063585,-0.049451,-0.049156,-0.020662,20260811_201225,0
PUM.DE_FQ3_2025,PUM.DE,2025-10-30,2025-10-30,18.78,0.003727,-0.019169,-0.068424,-0.139776,-0.106496,-0.003936,-0.02245,-0.061672,-0.125773,-0.095037,20260811_201225,0
PUM.DE_FQ4_2025,PUM.DE,2026-02-26,2026-02-26,24.83,-0.006041,-0.043093,-0.120822,-0.089005,-0.124043,0.002968,-0.038291,-0.107808,-0.077414,-0.090328,20260811_201225,0
HOOD_FQ1_2025,HOOD,2025-04-30,2025-04-30,49.11,0.04103,-0.050703,-0.021584,0.017919,0.250051,0.030517,-0.057789,-0.03776,0.005999,0.190452,20260811_201225,1
HOOD_FQ1_2026,HOOD,2026-04-28,2026-04-28,82.07,-0.119045,-0.132448,-0.102473,-0.061411,-0.046302,-0.118075,-0.132293,-0.115063,-0.078385,-0.083523,20260811_201225,1
HOOD_FQ2_2025,HOOD,2025-07-30,2025-07-30,106.1,-0.021065,-0.028746,0.002545,-0.004241,0.023751,-0.028946,-0.024995,0.00773,-0.001593,0.007312,20260811_201225,1
HOOD_FQ3_2025,HOOD,2025-11-05,2025-11-05,142.48,-0.017406,-0.108085,-0.046322,-0.066676,-0.170691,-0.015768,-0.097356,-0.052019,-0.075236,-0.148627,20260811_201225,1
CRM_FQ2_2026,CRM,2025-09-03,2025-09-03,256.45,-0.063911,-0.048509,-0.0163,-0.054124,-0.055527,-0.064967,-0.056866,-0.024206,-0.067281,-0.079512,20260811_201225,1
CRM_FQ3_2026,CRM,2025-12-03,2025-12-03,238.72,0.020819,0.036612,0.087173,0.106736,0.081351,0.018758,0.035881,0.087553,0.101355,0.099614,20260811_201225,1
CRM_FQ4_2026,CRM,2026-02-25,2026-02-25,191.75,0.026128,0.040261,0.006258,0.006936,0.012412,0.02594,0.045815,0.016025,0.018507,0.036678,20260811_201225,1
SIE.DE_FQ1_2026,SIE.DE,2026-02-12,2026-02-12,257.0,-0.019455,-0.023152,-0.082685,-0.064008,-0.03249,-0.020072,-0.023856,-0.090053,-0.075985,-0.039418,20260811_201225,0
SIE.DE_FQ2_2026,SIE.DE,2026-05-13,2026-05-13,266.8,0.011994,0.025862,-0.023613,-0.01012,0.027174,0.010189,0.017968,-0.018683,-0.008692,0.010618,20260811_201225,0
SIE.DE_FQ4_2025,SIE.DE,2025-11-13,2025-11-13,227.0,0.003084,0.014758,-0.038987,-0.025991,0.002423,0.012994,0.014921,-0.02119,0.00304,-0.014466,20260811_201225,0
SPOT_FQ1_2026,SPOT,2026-04-28,2026-04-28,434.2,-0.000115,0.02158,0.016836,-0.033786,-0.00334,0.000854,0.021734,0.004246,-0.05076,-0.040561,20260811_201225,1
SPOT_FQ2_2025,SPOT,2025-07-29,2025-07-29,620.01,0.004822,0.049128,0.011516,0.043532,0.111837,0.003784,0.050387,0.03283,0.055007,0.100141,20260811_201225,1
SPOT_FQ3_2025,SPOT,2025-11-04,2025-11-04,629.6,-0.005718,-0.015248,-0.020156,0.015851,0.01088,-0.005333,-0.018713,-0.013832,0.004359,0.033331,20260811_201225,1
SPOT_FQ4_2025,SPOT,2026-02-10,2026-02-10,476.02,0.028812,0.023423,-0.037141,0.003277,-0.026764,0.022642,0.023655,-0.022158,0.011701,-0.028252,20260811_201225,1
STAN.L_FQ1_2025,STAN.L,2025-05-02,2025-05-02,1096.5,-0.004104,-0.036936,-0.02736,0.067031,0.054264,0.003289,-0.031201,-0.017461,0.071301,0.005848,20260811_201225,0
STAN.L_FQ2_2025,STAN.L,2025-07-31,2025-07-31,1360.5,-0.000368,-0.004043,0.01323,0.009555,0.034179,0.008777,0.012348,0.019733,0.009286,0.013817,20260811_201225,0
STAN.L_FQ3_2025,STAN.L,2025-10-30,2025-10-30,1571.0,-0.012094,-0.00732,0.01464,0.024188,0.048059,-0.019758,-0.0106,0.021392,0.038192,0.059517,20260811_201225,0
STAN.L_FQ4_2025,STAN.L,2026-02-23,2026-02-23,1815.5,-0.000826,-0.014597,0.012393,-0.04434,-0.103002,-0.000108,-0.021865,0.002267,-0.050187,-0.096964,20260811_201225,0
SBUX_FQ1_2026,SBUX,2026-01-27,2026-01-27,95.72,0.068742,-0.00585,-0.039386,-0.027998,0.018909,0.066499,-0.00575,-0.034325,-0.019429,0.023755,20260811_201225,1
SBUX_FQ3_2025,SBUX,2025-07-29,2025-07-29,92.96,0.052388,-0.002151,-0.06562,-0.02969,0.004411,0.051349,-0.000892,-0.044305,-0.018215,-0.007285,20260811_201225,1
SBUX_FQ4_2025,SBUX,2025-10-29,2025-10-29,84.17,-0.023049,-0.012118,-0.038137,-0.015326,0.036711,-0.017971,-0.00112,-0.032245,-0.001055,0.042545,20260811_201225,1
UNH_FQ2_2025,UNH,2025-07-28,2025-07-28,282.12,-0.058202,-0.074614,-0.115412,-0.145824,-0.105452,-0.060416,-0.071976,-0.107782,-0.136766,-0.10385,20260811_201225,1
UNH_FQ3_2025,UNH,2025-10-27,2025-10-27,365.98,0.040166,0.005082,-0.058009,-0.087956,-0.121318,0.037525,0.002426,-0.050114,-0.085183,-0.115773,20260811_201225,1
UNH_FQ4_2025,UNH,2026-01-26,2026-01-26,351.64,-0.164003,-0.196053,-0.168781,-0.187834,-0.21596,-0.166096,-0.200037,-0.170672,-0.191703,-0.217721,20260811_201225,1
V_FQ1_2025,V,2025-04-28,2025-04-28,337.51,0.002933,0.011881,0.014637,0.032977,0.054339,0.006455,0.005582,0.000803,0.009994,-0.004007,20260811_201225,1
V_FQ1_2026,V,2026-04-28,2026-04-28,309.3,0.087617,0.082638,0.060556,0.041157,0.055351,0.088587,0.082793,0.047966,0.024184,0.01813,20260811_201225,1
V_FQ2_2025,V,2025-07-29,2025-07-29,351.29,0.001167,-0.001082,-0.033989,-0.039455,-0.041419,0.000128,0.000178,-0.012675,-0.027979,-0.053115,20260811_201225,1
V_FQ3_2025,V,2025-10-28,2025-10-28,346.9,-0.002594,-0.016201,-0.017757,-0.019026,-0.023004,-0.00501,-0.016681,-0.01048,-0.001822,-0.017094,20260811_201225,1
WDAY_FQ1_2025,WDAY,2025-05-22,2025-05-22,272.07,-0.111993,-0.125188,-0.118242,-0.089536,-0.071121,-0.0998,-0.118363,-0.126199,-0.10034,-0.098647,20260811_201225,1
WDAY_FQ2_2025,WDAY,2025-08-21,2025-08-21,227.58,-0.060199,-0.027727,-0.020652,0.004043,0.015379,-0.063676,-0.043083,-0.035773,-0.016994,-0.003014,20260811_201225,1
WDAY_FQ3_2025,WDAY,2025-11-25,2025-11-25,233.69,-0.078523,-0.078523,-0.087038,-0.080662,-0.046814,-0.082389,-0.085426,-0.094816,-0.093803,-0.065406,20260811_201225,1
WDAY_FQ4_2025,WDAY,2026-02-24,2026-02-24,130.23,-0.081932,0.022422,0.027106,0.102741,0.094141,-0.086049,0.013984,0.029084,0.112954,0.108937,20260811_201225,1
