run_id,document_id,issuer,company,ticker,fiscal_period,report_date,source_pdf,model,prompt,input_tokens,output_tokens,total_tokens,cached_input,estimated_cost_usd,latency_seconds,signal,signal_mismatch,sentiment_score,ensemble_runs,status
20260708T142324Z,BAC_FQ4_2022,bank_of_america,Bank of America Corporation,BAC,FQ4 2022,2023-01-13,C:\Users\bencr\OneDrive\Personal\Computing\Business Analytics\Citibank APR\docs\bank_of_america\CY2022-Q4\bac-4q22-press-release.html,deepseek-v4-flash,llm_analysis_prompt_template.md,59330,2810,62140,False,0.019059,22.16,HOLD,False,0.1,,success
20260708T142324Z,BAC_FQ1_2023,bank_of_america,Bank of America Corporation,BAC,FQ1 2023,2023-04-18,C:\Users\bencr\OneDrive\Personal\Computing\Business Analytics\Citibank APR\docs\bank_of_america\CY2023-Q1\bac-1q23-press-release.html,deepseek-v4-flash,llm_analysis_prompt_template.md,50724,2621,53345,True,0.016527,20.94,HOLD,True,0.15,,success
20260708T142324Z,BAC_FQ2_2023,bank_of_america,Bank of America Corporation,BAC,FQ2 2023,2023-07-18,C:\Users\bencr\OneDrive\Personal\Computing\Business Analytics\Citibank APR\docs\bank_of_america\CY2023-Q2\bac-2q23-press-release.html,deepseek-v4-flash,llm_analysis_prompt_template.md,57550,2543,60093,True,0.018285,20.75,BUY,False,0.2,,success
20260708T142324Z,BAC_FQ3_2023,bank_of_america,Bank of America Corporation,BAC,FQ3 2023,2023-10-17,C:\Users\bencr\OneDrive\Personal\Computing\Business Analytics\Citibank APR\docs\bank_of_america\CY2023-Q3\bac-3q23-press-release.html,deepseek-v4-flash,llm_analysis_prompt_template.md,61539,2935,64474,True,0.019793,21.79,BUY,False,0.2,,success
20260708T142324Z,BAC_FQ4_2023,bank_of_america,Bank of America Corporation,BAC,FQ4 2023,2024-01-12,C:\Users\bencr\OneDrive\Personal\Computing\Business Analytics\Citibank APR\docs\bank_of_america\CY2023-Q4\bac-4q23-press-release.html,deepseek-v4-flash,llm_analysis_prompt_template.md,63379,2317,65696,True,0.01961,18.95,HOLD,True,0.15,,success
20260708T142324Z,BAC_FQ1_2024,bank_of_america,Bank of America Corporation,BAC,FQ1 2024,2024-04-16,C:\Users\bencr\OneDrive\Personal\Computing\Business Analytics\Citibank APR\docs\bank_of_america\CY2024-Q1\bac-1q24-press-release.html,deepseek-v4-flash,llm_analysis_prompt_template.md,54606,2218,56824,True,0.017132,17.75,BUY,False,0.25,,success
20260708T142324Z,BAC_FQ2_2024,bank_of_america,Bank of America Corporation,BAC,FQ2 2024,2024-07-16,C:\Users\bencr\OneDrive\Personal\Computing\Business Analytics\Citibank APR\docs\bank_of_america\CY2024-Q2\bac-2q24-press-release.html,deepseek-v4-flash,llm_analysis_prompt_template.md,57443,2192,59635,True,0.01787,17.67,BUY,False,0.25,,success
20260708T142324Z,BAC_FQ3_2024,bank_of_america,Bank of America Corporation,BAC,FQ3 2024,2024-10-15,C:\Users\bencr\OneDrive\Personal\Computing\Business Analytics\Citibank APR\docs\bank_of_america\CY2024-Q3\bac-3q24-press-release.html,deepseek-v4-flash,llm_analysis_prompt_template.md,52539,2661,55200,True,0.017061,20.55,BUY,False,0.25,,success
20260708T142324Z,BAC_FQ4_2024,bank_of_america,Bank of America Corporation,BAC,FQ4 2024,2025-01-16,C:\Users\bencr\OneDrive\Personal\Computing\Business Analytics\Citibank APR\docs\bank_of_america\CY2024-Q4\bac-4q24-press-release.html,deepseek-v4-flash,llm_analysis_prompt_template.md,60567,2620,63187,True,0.019184,21.69,BUY,False,0.3,,success
